,name,Company Name,Industry,Headquarters,Country Code,Country
0,BHARBERT,,Construction,"Birmingham, AL",,
1,Sigmund Software,Sigmund Software Reviews,,,,
2,Exela Technologies,Exela Technologies Reviews,,United States,USA,United States
3,MILLS GROUP,Mills (Singapore),,"Singapore, Singapore",SGP,Singapore
4,EIITNET,I.T,,"Causeway Bay, Hong Kong",HKG,Hong Kong
5,AdaptIT,Adaptit SA,,"Athens, Greece",GRC,Greece
6,CARTEGRAPH,Cartegraph,Enterprise Software & Network Solutions,"Dubuque, IA",,
7,WWSTEELE,W&W AFCO Steel,Machinery Manufacturing,"Oklahoma City, OK",,
8,RALLYE-DOM,Rally,Internet & Web Services,"Portland, OR",,
9,SANDO,Sando,,"Málaga, Spain",ESP,Spain
10,CAN.COM,Network for Electronic Transfers Reviews,,Singapore,SGP,Singapore
11,G&P Projects And Systems S.A.,,Information Technology Support Services,"São Paulo, Brazil",BRA,Brazil
12,NUAIRE,NuAire,Machinery Manufacturing,"Caerphilly, United Kingdom",GBR,United Kingdom
13,FMT,Free Malaysia Today Reviews,,,,
14,DIRECTFERRIES,Direct Ferries,Marine Transportation,"London, United Kingdom",GBR,United Kingdom
15,Massy Distribution Limited,Massy Distribution,Retail & Wholesale,"Kingston, Jamaica",JAM,Jamaica
16,Monterey Mechanical Co.,Monterey Mechanical Company,Consumer Product Manufacturing,"Oakland, CA",,
17,MHIRE,mHire,,,,
18,KDE,KDE,Information Technology Support Services,,,
19,CITY-FURNITURE,City Furniture Reviews,,United States,USA,United States
20,AUM,AUM Biosciences,Biotech & Pharmaceuticals,"Singapore, Singapore",SGP,Singapore
21,Yachiyo Of America,Yachiyo Reviews,,,,
22,APETITO,apetito,Food & Beverage Manufacturing,"Trowbridge, United Kingdom",GBR,United Kingdom
23,Caracol TV,Caracol TV Internacional,,"Bogotá, Colombia",COL,Colombia
24,SPORTPLAZA,Singapore Sports Hub,,"Singapore, Singapore",SGP,Singapore
25,SOUCY,Soucy Reviews,,Canada,CAN,Canada
26,ChemStation International,ChemStation,Chemical Manufacturing,"Moraine, OH",,
27,Guardian Fueling Technologies,Guardian Fueling Technologies Reviews,,United States,USA,United States
28,GROUP4 AUSTRALIA,Insurance Australia Group,Insurance Carriers,"Sydney, Australia",AUS,Australia
29,Authentic Brands Group,Authentic Brands Group Reviews,,United States,USA,United States
30,Yurtiçi Kargo,Yurtiçi Kargo,Taxi & Car Services,"Istanbul, Turkey",TUR,Turkey
31,New York Racing Association,New York Racing Association Reviews,,United States,USA,United States
32,Bell Technical Solutions,Bell Technical Solutions Reviews,,Canada,CAN,Canada
33,FONTAINEBLEAU,Fontainebleau Reviews,,United States,USA,United States
34,California-Oregon Telecommunications Company,OC Communications Reviews,,United States,USA,United States
35,Eurocell,Eurocell Reviews,,United Kingdom,GBR,United Kingdom
36,NCG Medical,NCG Medical,Computer Hardware Development,"Altamonte Springs, FL",,
37,Altice International,Altice Europe,Telecommunications Services,"Amsterdam, Netherlands",NLD,Netherlands
38,Baton Rouge General,Baton Rouge General,Healthcare Services & Hospitals,"Baton Rouge, LA",,
39,TriState HVAC Equipment,Tristate Hvac Equipment,Advertising & Public Relations,"Conshohocken, PA",,
40,ENN Group,ENN Group Reviews,,Canada,CAN,Canada
41,CIMEX,Contenedores Industriales Mexicanos (CIMEX),,,,
42,Carrolls Irish Gifts,Carrolls Irish Gifts,"Gift, Novelty & Souvenir Stores","Dublin, Ireland",IRL,Ireland
43,Behavioral Health System,Mental Health Systems,Healthcare Services & Hospitals,"San Diego, CA",,
44,RTVCM,Downtown Community Television Reviews,,,,
45,Hamlyns Limited,Hamlyn Williams Reviews,,,,
46,NETWORK4CARS,Network4Cars,,"Nieuw-Vennep, Netherlands",NLD,Netherlands
47,Diskriter,Diskriter Reviews,,United States,USA,United States
48,"SuperAlloy Industrial Co., Ltd.",Superalloy Manufacturing Solutions,Aerospace & Defense,"Cincinnati, OH",,
49,Alphapointe,Alphapointe,"Civic, Welfare & Social Services","Kansas City, MO",,
50,Arte Radiotelevisivo Argentino (Artear),Arte Radiotelevisivo Argentino,,"Buenos Aires, Argentina",ARG,Argentina
51,Goodman Campbell Brain & Spine,Goodman Campbell Brain & Spine,,"Indianapolis, IN",IND,India
52,Travira Air,Travira Air,Taxi & Car Services,"Jakarta, Indonesia",IDN,Indonesia
53,XEIAD,XEIAD Reviews,,Singapore,SGP,Singapore
54,RateGain,RateGain Reviews,,India,IND,India
55,Tri-Ko,Tri-Ko,,"Osawatomie, KS",,
56,"Faw-Volkswagen Automobile Co., Ltd.",FAW-Volkswagen,Transportation Equipment Manufacturing,"Changchun, China",CHN,China
57,Attica Group,Attica Group,Shipping & Trucking,"Athens, Greece",GRC,Greece
58,SSK Ingeniería Y Construcción S.A.C.,SSK Group,Consumer Product Manufacturing,"Pune, India",IND,India
59,Konradin Mediengruppe GmbH,Konradin Mediengruppe,,"Leinfelden-Echterdingen, Germany",DEU,Germany
60,Pollmann,Pollmann,Consumer Product Manufacturing,"Karlstein an der Thaya, Austria",AUT,Austria
61,Ministry For Foreign Affairs Of The Republic Of Indonesia,Ministry of Foreign Affairs Indonesia,National Services & Agencies,"Jakarta, Indonesia",IDN,Indonesia
62,Banco Caribe,Banco Multiple Caribe,Banking & Lending,"Santo Domingo, Dominican Republic",DOM,Dominican Republic
63,Passero Associates,Passero Associates,Construction,"Rochester, NY",,
64,KONECTA SERVICIOS ADMINISTRATIVOS Y TECNOLOGICOS S.L. SUCURSAL ARGENTINA,Konecta,Management & Consulting,"Asuncion, Paraguay",PRY,Paraguay
65,Asphalion,Asphalion,,"Barcelona, Spain",ESP,Spain
66,Polynt Group,Polynt Group,,"Bergamo, Italy",ITA,Italy
67,Centerline Communication Llc,Centerline Communications Reviews,,United States,USA,United States
68,GomeA,Jerald Gomez & Associates,,"Kuala Lumpur, Malaysia",MYS,Malaysia
69,Otto Dörner GmbH & Co. KG,Otto Dörner,Energy & Utilities,"Hamburg, Germany",DEU,Germany
70,ITS InfoCom,ITS InfoCom,Management & Consulting,"San Jose, Costa Rica",CRI,Costa Rica
71,Friedrich,FRIEDRICH AIR CONDITIONING Reviews,,United States,USA,United States
72,Emil Frey,Emil Frey,Motor Vehicle Dealers,"Zürich, Switzerland",CHE,Switzerland
73,Creative Liquid Coatings INC,Creative Liquid Coatings,Consumer Product Manufacturing,"Fort Wayne, IN",,
74,parrottsims.com,Parrot Reviews,,United States,USA,United States
75,rbroof.com,R&B Roofing (TX),,"Garland, TX",,
76,ch-sf.fr,Chapter SF,Audio/Visual,"San Francisco, CA",,
77,congerbuilt.com,CONGER CONSTRUCTION,Construction,"Lebanon, OH",LBN,Lebanon
78,thorguard.com,Thor Guard,,"Sunrise, FL",,
79,scrd.ca,Sunshine Coast Regional District,Government & Public Administration,"Sechelt, Canada",CAN,Canada
80,franckbeun.fr,Franklab,,"Montigny-le-Bretonneux, France",FRA,France
81,idtech.com.tw,iD Tech Camps,Primary & Secondary Schools,"Campbell, CA",,
82,webnordeste.com.br,Web Nordeste,,Brasil,,
83,psi.com.tw,PSI Reviews,,United States,USA,United States
84,yourprivateitaly.com,Private,Healthcare Services & Hospitals,"Columbus, OH",,
85,software-line.it,LINE Software Engineer Reviews,,,,
86,ducanh.com,Ducan Industries,Wholesale,"Lethbridge, Canada",CAN,Canada
87,uide.edu.ec,Universidad Internacional del Ecuador,,"Quito, Ecuador",ECU,Ecuador
88,marugokiso.co.jp,,,,,
89,ifwglobal.com,IFW,,"Garbsen, Germany",DEU,Germany
90,elementnor.no,Elementor,Internet & Web Services,"Ramat Gan, Israel",ISR,Israel
91,mts.mektec.com,MTS Systems Reviews,,United States,USA,United States
92,okibrasil.com,OKI Reviews,,United States,USA,United States
93,hering-heinz.de,"HKS Los Angeles, CA Reviews",,United States,USA,United States
94,"First bounty payout $50,000",Bounty Fresh Foods,,"Caloocan, Philippines",PHL,Philippines
95,dss-cz.com,DSS Distribution,,,,
96,ces-conditionneur.fr,"Customer Engineering Services Employee Reviews about ""work for ces""",,,,
97,kaffeeberlin.com,Cafe Berlin,,"Columbia, MO",,
98,scottobrothers.com,Scotto Brothers,Hotels & Resorts,"Woodbury, NY",,
99,equatortrustees.com,Equity Trustees Reviews,,,,
100,orioninc.com,Orion Innovation,Information Technology Support Services,"Edison, NJ",,
101,nakamuracorp.co.jp,In.Corp Global,,"Singapore, Singapore",SGP,Singapore
102,aliat.group,Aliat Universidades,Education,"Ciudad de Mexico, Mexico",MEX,Mexico
103,d-securite.com,D-Sécurité,,"Feyzin, France",FRA,France
104,medical69.com,Touch Medical Media Group Holdings,Education Support & Training Services,"London, United Kingdom",GBR,United Kingdom
105,asecna.org,Agence pour la Sécurité de la Navigation Aérienne en Afrique et à Madagascar,,,,
106,markherder.com,Mark Albert Herder Bankruptcy Attorney And Counsellor At Law,,"Columbus, OH",,
107,southamptoncounty.org,Southampton County Public Schools,Primary & Secondary Schools,"Courtland, VA",,
108,cnachile.cl,CNA International Reviews,,United States,USA,United States
109,independence.com.co,Independence (Colombia),,"Bogotá, Colombia",COL,Colombia
110,makler.com.ve,Lugera & Makler Reviews,,,,
111,inspecshawaii.com,Inspec Group,Construction,"Portland, OR",,
112,kcgreenholdings.com,KC Green Holdings,Business Consulting,"Seoul, South Korea",,
113,aipcenergy.com,AIPC Energy,Energy & Utilities,"San Antonio, TX",,
114,cityofbartlett.org,City of Bartlett,Municipal Agencies,"Bartlett, TN",,
115,quintal.com.co,Quintal,,"Jakarta, Indonesia",IDN,Indonesia
116,ville-faulquemont.fr,Groupe Schiever Jobs in Faulquemont (France),,,,
117,sva-avignon.concession-landrover.fr,Jaguar Land Rover,Consumer Product Manufacturing,"Coventry, United Kingdom",GBR,United Kingdom
118,sarassure.fr,ONE Assurance,,"Singapore, Singapore",SGP,Singapore
119,pays-colombey-sudtoulois.fr,,,,,
120,mj-donnais.fr,Showing results for Mj,,,,
121,maleosante.fr,,,,,
122,maisonloisy.fr,Maison Consulting & Solutions Reviews,,Pakistan,PAK,Pakistan
123,lagence33.com,SmartIdea,,"Singapore, Singapore",SGP,Singapore
124,jt-engineering.com,JT Engineering Reviews,,United States,USA,United States
125,euromip.fr,Ing'europ,,"Écully, France",FRA,France
126,euro-modules.fr,Euro,,,,
127,daune.org,Daune Trading,,,,
128,cmb-artimmo.com,CMB International Capital Reviews,Finance,Central,,
129,artdis.fr,Artis Reviews,,,,
130,kwp.at,KWP,Information Technology Support Services,"Scottsdale, AZ",,
131,camdomain.com,CAM Reviews,,,,
132,cultivar.net,Cultivar,Human Resources & Staffing,"Boston, MA",,
133,thezincgroup.com,The Zinc Group Ltd,,"Glasgow, United Kingdom",GBR,United Kingdom
134,mackenzie-law.co.uk,"Baker McKenzie Belfast, UK Reviews",,,,
135,taxprepandmore.com,Inland Revenue Authority of Singapore,National Services & Agencies,"Singapore, Singapore",SGP,Singapore
136,tapcocu.org,TAPCO Credit Union,Banking & Lending,"Tacoma, WA",,
137,idealtridon.com,Ideal Tridon,Metal & Mineral Manufacturing,"Smyrna, TN",,
138,bakkerheftrucks.com,ServiceBack.com,,"Singapore, Singapore",SGP,Singapore
139,hmets.com,HME Technology,Manufacturing,"Bromsgrove, United Kingdom",GBR,United Kingdom
140,americantilestone.com,American Tile Supply,Wholesale,"Dallas, TX",,
141,accionplus.com,Grupo AccionPlus,,"Bogotá, Colombia",COL,Colombia
142,lenax.com,Lenax Construction Services Reviews,,,,
143,casapellas.com,Casa Pellas,,"Managua, Nicaragua",NIC,Nicaragua
144,aresfoods.ca,ARES,Aerospace & Defence,"Burlingame, CA",,
145,kangaroo.vn,Blue Kangaroo Learning Center,Preschools & Childcare Services,"Reno, NV",,
146,monnensenpartners.be,Monetary Authority of Singapore Reviews,,,,
147,uplexis.com.br,Uplexis,Manufacturing,"São Paulo, Brazil",BRA,Brazil
148,vsainc.com,VS Associates,Accounting & Tax,"Canoga Park, CA",,
149,aralaw.cr,Abdul Rahman Law,,"Singapore, Singapore",SGP,Singapore
150,columbiagrain.com,Columbia Grain,Farm Support Services,"Portland, OR",,
151,madcoenergi.com,MedcoEnergi Reviews,,,,
152,finnco.eu,Finnco Services,Construction,"Fontana, CA",,
153,ah-a.de,Aha!,Enterprise Software & Network Solutions,"Menlo Park, CA",,
154,zhulian.co.th,Zhulian Corporation,,"Bayan Lepas, Malaysia",MYS,Malaysia
155,porcelanosa-usa.com,Porcelanosa USA Reviews,,,,
156,mwd.digital,MWD Digital Agency,,"Verona, Italy",ITA,Italy
157,connectvitypoint.com,Connect,Advertising & Public Relations,"Norcross, GA",,
158,cenviro.com,,,,,
159,crbrandsinc.com,CR Brands-Ohio,Consumer Product Manufacturing,"West Chester, OH",,
160,cheungwoh.com.sg,Cheung Woh Technologies,Electronics Manufacturing,"Singapore, Singapore",SGP,Singapore
161,lacalera.pe,La Calera,,"Lima, Peru",PER,Peru
162,cpicfiber.com,CPIC Fiberglass,,"Capivari, Brazil",BRA,Brazil
163,okcu.edu,Oklahoma City University,Colleges & Universities,"Oklahoma City, OK",,
164,stevesilvaplumbing.com,Steve's Plumbing Service Reviews,,,,
165,stjohnvianney.org,St. John Vianney Roman Catholic Church,,"Janesville, WI",,
166,overseas-ast.com,Overseas AST,"Construction, Repair & Maintenance Services","Dubai, United Arab Emirates",ARE,United Arab Emirates
167,MEIJI.COM.SG,Meiji,Food & Beverage Manufacturing,"Tokyo, Japan",JPN,Japan
168,armassist.ie,Arm Benefits FAQ,,,,
169,cristianaspinecenter.com,Doctor Anywhere,Healthcare Services & Hospitals,"Singapore, Singapore",SGP,Singapore
170,versma.com,Monetary Authority of Singapore Reviews,,,,
171,eneva.com.br,Eneva,,"Rio de Janeiro, Brazil",BRA,Brazil
172,goodwillnm.org,Goodwill Industries of West Michigan,,"Muskegon, MI",,
173,sportlavit.nl,,,,,
174,diakonissen-riehen.ch,Edisen Reviews,Retail & Wholesale,,,
175,legacy-hospitality.com,LEGACY HOSPITALITY,Investment & Asset Management,"Albuquerque, NM",,
176,pinnick.co.uk,"Accounts Senior Salaries in London, United Kingdom Area",,,,
177,integrate.ch,,,,,
178,omegaservices.com.au,Alpha Omega Services Reviews,,,,
179,frigobandeira.com,eFishery,,"Bandung, Indonesia",IDN,Indonesia
180,ginko.com.tw,Ginko Systems Customer Service Reviews,,,,
181,ring-plastik.de,Ring-Plastik Pechler,,"Altomünster, Germany",DEU,Germany
182,shopper360.com.my,shopper360,,"Petaling Jaya, Malaysia",MYS,Malaysia
183,peakinternational.com,Peak International,Machinery Manufacturing,"New Territories, Hong Kong",HKG,Hong Kong
184,divultec.pt,Search Company Reviews and Ratings,,,,
185,clestra.com,Clestra Hauserman,Construction,"Strasbourg, France",FRA,France
186,galenica.ma,Galenica,Healthcare Services & Hospitals,"Bern, Switzerland",CHE,Switzerland
187,thininfra.nl,,,,,
188,kamut.com,Kamut Alimentos,,,,
189,autoliv.com,Autoliv Reviews,,,,
190,ocrex.com,Ocrex,Information Technology Support Services,"Chandigarh, India",IND,India
191,wrschool.net,Window Rock Unified School District,,"Fort Defiance, AZ",,
192,embalajescapsa.com,,,,,
193,agenziaentrate.gov.it,Agenzia delle entrate,Government & Public Administration,"Rome, Italy",ITA,Italy
194,fedefarma.com,Fedefarma,,"Gavá, Spain",ESP,Spain
195,trialpro.com,"Trial Pro, P.A.",Legal,"Orlando, FL",,
196,fruca.es,Fruca Marketing,,"Murcia, Spain",ESP,Spain
197,statravel.de,STA Travel,Travel Agencies,"London, United Kingdom",GBR,United Kingdom
198,ymaunivers.com,Search Company Reviews and Ratings,,,,
199,lanormandise.fr,NORMANDISE Pet Food,Machinery Manufacturing,"Vire, France",FRA,France
200,hikadikoy.com,Holiday Inn Reviews,,,,
201,tekinox.it,TEXNO,,"Novara, Italy",ITA,Italy
202,hamiota.com,,,,,
203,hunters.com,Hunters Recruitment Reviews,,,,
204,gavresorts.com.br,GAV Resorts,,"Belém, Brazil",BRA,Brazil
205,kisan.com.tr,Showing results for Kisan,,,,
206,sportscity.com.tw,Sports City International Reviews,,,,
207,centrodsr.it,,,,,
208,hatcherins.com,The Hatcher Agency,Insurance Agencies & Brokerages,"Little Rock, AR",,
209,northwestpipe.com,Northwest Pipe Reviews,,,,
210,correounir.com.ar,KLOG Logistica,Shipping & Trucking,"Maia, Portugal",PRT,Portugal
211,sieam.fr,SIAM Reviews,,,,
212,ospreyvideo.com,Osprey Video,Computer Hardware Development,"Carrollton, TX",,
213,floresfunza.com,Flores Funza,,"Bogotá, Colombia",COL,Colombia
214,rovagnati.it,Rovagnati,,"Biassono, Italy",ITA,Italy
215,competencia.com.ec,La Competencia,,"Quito, Ecuador",ECU,Ecuador
216,get.es,Ministry of Trade & Industry Singapore Reviews,Retail & Wholesale,Port of Spain,ESP,Spain
217,roedeanschool.co.za,Roedean,Education,"Brighton, United Kingdom",GBR,United Kingdom
218,www3.comune.gorizia.it,Comune di Reggio Emilia,,"Reggio di Calabria, Italy",ITA,Italy
219,qualitymedicalinc.com,Quality Medical Care,Healthcare Services & Hospitals,"Melbourne, FL",,
220,riken.co.jp,,Biotech & Pharmaceuticals,"Wako, Japan",JPN,Japan
221,"Yong Mao Environmental Tech. Co.,Ltd",Universal Beauty Products Reviews,,,,
222,osde.com.ar,OSDE,,"Buenos Aires, Argentina",ARG,Argentina
223,newwestmetals.com,New Western Reviews,,,,
224,marcopolohotels.com,Showing results for Marco Polo,,,,
225,kkcsworld.com,KKCS,Business Consulting,"Los Angeles, CA",,
226,trufab.com,Trufab,Manufacturing,"Rochdale, United Kingdom",GBR,United Kingdom
227,addconsult.nl,,,,,
228,kortrijkserijschool.be,Benesse BE Studio Reviews,,,,
229,dcashpro.com,Adcash Reviews,,,,
230,metaage.com.tw,Meta Reviews,,,,
231,pdh.com.tw,P.D.H Laboratories,,"Lahore, Pakistan",PAK,Pakistan
232,canteen.com,Canteen,Catering & Food Service Contractors,"Charlotte, NC",,
233,altaadhod.com,Al-Taadhod Group,,"Doha, Qatar",QAT,Qatar
234,currierryan.com,Currier Engineering Management Consulting,Energy & Utilities,"Los Angeles, CA",,
235,perteet.com,Perteet,Architectural & Engineering Services,"Everett, WA",,
236,misumi.com.tw,MISUMI Group Reviews,Retail & Wholesale,,,
237,frederickco.gov,Town of Frederick,Regional Agencies,"Frederick, CO",,
238,sbr-zwiesel.de,SBR Technologies Reviews,,,,
239,growag.ch,,,,,
240,studiobarba.com,Studio VARA,Construction,"San Francisco, CA",,
241,megal.com,MEGA,,"Itu, Brazil",BRA,Brazil
242,pinjuhlaw.com,India Law Offices,,"New Delhi, India",IND,India
243,barrydowd.com,Dowd Group,,"Fair Haven, NJ",,
244,ruffinlawyers.com.au,"Unified Lawyers Sydney, Australia Reviews",,,,
245,robitgroup.com,RobiGroup,,"Almaty, Kazakhstan",KAZ,Kazakhstan
246,destinationhope.com,Destination Hope,,"Fort Lauderdale, FL",,
247,entrust.com,Entrust,Computer Hardware Development,"Shakopee, MN",,
248,wabteccorp.com,Wabtec,Transportation Equipment Manufacturing,"Pittsburgh, PA",,
249,faacgroup.com,FAAC Group,Manufacturing,,,
250,beckerlaw.com,Becker Law Office,Legal,"Louisville, KY",,
251,besttaxfiler.com,Best Tax Filer,Accounting & Tax,"Farmington Hills, MI",,
252,centuryaluminum.com,Century Aluminum,Metal & Mineral Manufacturing,"Chicago, IL",,
253,lapostemobile.fr,La Poste Reviews,,,,
254,lexingtonnational.com,Lexington National Insurance,,"Cockeysville, MD",,
255,maldegem.be,Gemeente Maldegem,,"Maldegem, Belgium",BEL,Belgium
256,groupe-helios.com,Groupe Hélios,"Construction, Repair & Maintenance Services","La Courneuve, France",FRA,France
257,mec.com,MEC,Machinery Manufacturing,"Mayville, WI",,
258,unimasters.com,Unimaster,,,,
259,obriengroupaustralia.com.au,O'Brien Group,,"North Melbourne, Australia",AUS,Australia
260,preflooring.com,Precision Flooring Products,,"Morristown, TN",,
261,scohil.com,Ohile Technologies,,"Thiruvananthapuram, India",IND,India
262,emunworks.com,EMUNWorks,,"Huntsville, AL",,
263,eclipse-print.com,Eclipse Print Jobs,,,,
264,sig.id,Susquehanna International Group (SIG) Reviews,,,,
265,diodes.com,Diodes,Electronics Manufacturing,"Plano, TX",,
266,bizframe.co.za,Bizframe Technologies Reviews,,,,
267,bizebra.com,Bizerba,Machinery Manufacturing,"Balingen, Germany",DEU,Germany
268,iis.ac.uk,The Institute of Ismaili Studies,,"King's Cross, United Kingdom",GBR,United Kingdom
269,vlp.nl,V L P,"Department, Clothing & Shoe Stores","Flushing, NY",,
270,acac.com,Atlantic Coast Athletic Clubs,Sports & Recreation,"Charlottesville, VA",,
271,emprint.com,Emprint,Commercial Printing,"Baton Rouge, LA",,
272,cabbageinc.com,Cabbage,Wholesale,"Sheffield Village, OH",,
273,a2-pas.fr,A2 Hosting Reviews,,,,
274,genusplc.com,Genus plc,Biotech & Pharmaceuticals,"Basingstoke, United Kingdom",GBR,United Kingdom
275,vytelle.com,Vytelle,Animal Production,"Hermiston, OR",,
276,alpachem.com,Alphachem Reviews,,,,
277,etgworld.com,Export Trading Group (ETG),Wholesale,"Dar es Salaam, Tanzania",,
278,lonseal.com,Lonseal,Consumer Product Manufacturing,"Carson, CA",,
279,metroappliancesandmore.com,Metro Appliances & More,Consumer Electronics & Appliances Stores,"Jonesboro, AR",,
280,carnbrea.com.au,Carn Brea Leisure Centre,Sports & Recreation,"Redruth, United Kingdom",GBR,United Kingdom
281,axelcium.com,Alexium,Chemical Manufacturing,"Greenville, SC",,
282,sigma-alimentos.com,Sigma,Food & Beverage Manufacturing,"San Pedro Garza García, Mexico",MEX,Mexico
283,bosco-avocats.com,Bosco Group of Companies Reviews,,,,
284,lesbureauxdelepargne.com,Lagardère,Film Production,"Paris, France",FRA,France
285,plravocats.fr,CABINET D'AVOCATS LELOUP,,"Saint-Benoît, France",FRA,France
286,slpcolombus.com,Colombus Consulting,Business Consulting,"Paris, France",FRA,France
287,Instituto Agrario Dominicano,Ministry of Agriculture Dominican Republic,,"Santo Domingo, Dominican Republic",DOM,Dominican Republic
288,Shaw & Slavsky,Shaw's,Grocery Stores,"West Bridgewater, MA",,
289,BEESENSE,Bizense Software Technologies,Computer Hardware Development,"Bangalore, India",IND,India
290,Broshuis | Driving innovation,Innovation Drive,Advertising & Public Relations,"Henagar, AL",,
291,ZEUS Scientific,ZEUS Scientific,,"Branchburg, NJ",,
292,Shred Station,Shred Station,,"Norwich, United Kingdom",GBR,United Kingdom
293,Florida Department of Veterans' Affairs,Florida Department of Veterans' Affairs,Regional Agencies,"Largo, FL",,
294,Valley Rentals,Urban Valley Rentals,Real Estate,"South Jordan, UT",JOR,Jordan
295,Drive Products,Drive Products,,"Toronto, Canada",CAN,Canada
296,Tehama County Social Services,Tehama County Department of Social Services,,"Red Bluff, CA",,
297,Camden City School District,Camden City School District,Preschools & Childcare Services,"Camden, NJ",,
298,JetStar,Jetstar Airways Reviews,,,,
299,InfoTek Consulting Services,Infotek Consulting Services Reviews,,,,
300,Maple Lodge Farms,Maple Lodge Farms,Animal Production,"Brampton, Canada",CAN,Canada
301,Avante Health Solutions,,,,,
302,"Moskowitz, Mandell & Salim, P.A.","Moskowitz, Mandell, Salim & Simowitz",,"Fort Lauderdale, FL",,
303,Liftow LTD,Liftow Reviews,,,,
304,American International Industries,American International Industries Reviews,,,,
305,RG Alliance Group,RG Alliance Group,Business Consulting,"San Diego, CA",,
306,M. Green and Company LLP,Green and Spiegel Reviews,,,,
307,Tex-Isle Supply,Tex-Isle Supply,,"Houston, TX",,
308,Petro Serve,Petroserv,Construction,"Doha, Qatar",QAT,Qatar
309,Henry,,,,,
310,Elgin County,Elgin County Railway Museum,Culture & Entertainment,"St. Thomas, Canada",CAN,Canada
311,Hi Tech HoneyComb,Hi Tech Honeycomb,Transportation Equipment Manufacturing,"San Diego, CA",,
312,Service Employees' International Union,Service Employees International Union CTWCLC,National Services & Agencies,"Pasadena, CA",,
313,Jazeera Airways,Jazeera Airways Reviews,,,,
314,Lewis & Clark College,Lewis & Clark College Reviews,,,,
315,Moscone Center,The Moscone Center,Event Services,"San Francisco, CA",,
316,Freyr Solutions,Freyr Reviews,,,,
317,"Delon Hampton & Associates, Chartered","Delon Hampton & Associates, Chartered",Architectural & Engineering Services,"Washington, DC",,
318,Crupi Group,Crupi Group,,"Toronto, ON",,
319,YMCA,YMCA Reviews,,,,
320,Medlab Pathology,Medlab Pathology,,"Auburn, Australia",AUS,Australia
321,Hirsch Watch Straps & Accessories,Hirsch Reviews,,,,
322,Hufcor,Hufcor,Machinery Manufacturing,"Janesville, WI",,
323,Grosvenor Engineering Group,Grosvenor Engineering Group,,"Sydney, Australia",AUS,Australia
324,Confcommercio - Alessandria - Home,,,,,
325,Broadleaf,Broadleaf,,"Haymarket, VA",,
326,Wolfe Industrial,Wolfe Door Industries,,"San Marcos, CA",,
327,Altoona Area School District,Altoona Area School District Reviews,,,,
328,Fundo Nacional de Desenvolvimento da Educação,Fundo Nacional de Desenvolvimento da Educação (FNDE),,"Brasília, Brazil",BRA,Brazil
329,Bombardier Recreational Products (BRP) - BONUS CONTENT (!!!),BRP Reviews,,,,
330,Bombardier Recreational Products (BRP),BRP Reviews,,,,
331,Sonae,Sonae,Motor Vehicle Dealers,"Maía, Portugal",PRT,Portugal
332,Stago,Diagnostica Stago,Biotech & Pharmaceuticals,"Asnières-sur-Seine, France",FRA,France
333,Scottish Association for Mental Health,Scottish Association for Mental Health,"Civic, Welfare & Social Services","Glasgow, United Kingdom",GBR,United Kingdom
334,Viva Air,Viva Air,,"Medellín, Colombia",COL,Colombia
335,POP TV,,,,,
336,KCA Deutag,KCA DEUTAG Reviews,,,,
337,SolarCraft,SolarCraft Services,Energy & Utilities,"Novato, CA",,
338,CARITAS,Caritas Reviews,,,,
339,trisupplyhome.com,"SupplyHouse.com Employee Reviews about ""coming to work""",,,,
340,Boyes Turner LLP,Boyes Turner LLP,Legal,"Reading, United Kingdom",GBR,United Kingdom
341,County Suffolk and contractors,"Suffolk Construction Boston, MA Reviews",,,,
342,Longhorn Investments,Longhorn III Investments,,"Dallas, TX",,
343,HAYAT GROUP,Hyatt Reviews,,,,
344,Triten,Triten Corporation Reviews,,,,
345,Artic Building Services,Artic Building Services Reviews,,,,
346,The Checker Transportation Group,Yellow - Checker - Star Transportation,Taxi & Car Services,"Las Vegas, NV",,
347,Tri-Supply,Tri-Supply,Retail & Wholesale,"Austin, TX",,
348,PCSupport,PC Support Specialist Salaries in Singapore,,,,
349,Fiveninefive,Inventive SMi Reviews,,,,
350,GHT CORP,GHT,Architectural & Engineering Services,"Arlington, VA",,
351,Josef Saller Services e.K. - Saller Bau,Saller Bau,Real Estate,"Weimar, Germany",DEU,Germany
352,Laferté,Serac Group,Machinery Manufacturing,"La Ferté-Bernard, France",FRA,France
353,Justman Packaging & Display Information,Justman Packaging & Display,Commercial Printing,"Commerce, CA",,
354,GSE - Gestore Servizi Energetici,,,,,
355,Accelya,Accelya Group Reviews,,,,
356,Hometrust Mortgage Company,Hometrust Mortgage,Banking & Lending,"Houston, TX",,
357,AD Consulting Group,,,,,
358,MarioSinacola,,,,,
359,Creos Luxembourg,,Machinery Manufacturing,"Luxembourg, Luxembourg",LUX,Luxembourg
360,Nelsonslaw LLP,,Legal,"Nottingham, United Kingdom",GBR,United Kingdom
361,tnq.co.in,TNQ Technologies Reviews,,,,
362,herc.com.br,,,,,
363,JOHN A. BODZIAK ARCHITECT AIA,,,,,
364,Holland CPA,,,"Naperville, IL",,
365,HANDLER Bau GmbH,Handlerbau Office Photos,,,,
366,OGLETREE,Ogletree Deakins Nash Smoak & Stewart P.C. Reviews,,,,
367,Continental Management,Continental Management,Real Estate,"Bingham Farms, MI",,
368,Reed Pope Law,,,,,
369,KKJM Lawfirm,LawFirm.com Reviews,,,,
370,Unisuper S.A.,UniSuper,Investment & Asset Management,"Melbourne, Australia",AUS,Australia
371,"Duda Farm Fresh Foods A. Duda & Sons , Inc. Duda A. Duda & Sons Duda Farm Fresh Foods Inc",A. Duda & Sons,Crop Production,"Oviedo, FL",,
372,duda.com,Duda,Internet & Web Services,"Palo Alto, CA",,
373,Hydraelectric,Hydra Electric Company Reviews,,,,
374,Bandai Namco,BANDAI NAMCO Reviews,,,,
375,COUNT+CARE | ENTEGA.DE,COUNT+CARE,,"Mainz, Germany",DEU,Germany
376,Chen Moore and Associates,Chen Moore and Associates,Architectural & Engineering Services,"Fort Lauderdale, FL",,
377,Podhurst Orseck,"Robbins, Russell, Englert, Orseck, Untereiner & Sauber",Legal,"Washington, DC",,
378,The Royal Commission for Riyadh City (RCRC),Royal Commission for Riyadh City,,"Riyadh, Saudi Arabia",SAU,Saudi Arabia
379,Dusit D2 Kenz Hotel Dubai,,,,,
380,adlerdisplay.com | Adler Display,Adler Display Studios,Architectural & Engineering Services,"Baltimore, MD",,
381,HANSA KONTAKT,Hansa-Kontakt,,"Szeged, Hungary",HUN,Hungary
382,nutis.com,Nutis Press Reviews,,,,
383,Matco Electric,Matco Electric,Healthcare,"Vestal, NY",,
384,Plainedge Public Schools,"Explore Schools Jobs in Plainedge, NY (US)",,,,
385,theallison.com,Allison + Partners Reviews,,"San Francisco, CA",,
386,The University of Pisa,University of Pisa Reviews,,,,
387,vanderpol's,Vanderpol’s Eggs Reviews,,,,
388,Purvis Industries,Purvis Industries,Machinery Manufacturing,"Dallas, TX",,
389,eivp-paris.fr,EIVP,,"Paris, France",FRA,France
390,Alexandria. (LA),City of Alexandria Louisiana,National Services & Agencies,"Alexandria, LA",,
391,AMS-Gruppe,AMS Group,Aerospace & Defence,"Alexandria, VA",,
392,Whitehall. (OH),City of Whitehall,Municipal Agencies,"Whitehall, OH",,
393,M+A Partners,maslansky + partners Reviews,,,,
394,Klasner Solomon & Partners Chartered Professional Accountants,klasner& solomon,,"Markham, Canada",CAN,Canada
395,Imagen Television,Imagen Tv,,,,
396,GREEN MOUNTAIN ELECTRIC SUPPLY (gmes.com),Green Mountain Electric Supply,Retail & Wholesale,"Newport, VT",,
397,Land Kärnten,Land Kärnten,,"Klagenfurt am Wörthersee, Austria",AUT,Austria
398,SYSOL,SYSOL,,"Esslingen am Neckar, Germany",DEU,Germany
399,Tecnopack,Technopack,Machinery Manufacturing,"Doral, FL",,
400,Boom Logistics (boomlogistics.com.au),Boom Logistics,Taxi & Car Services,"Southbank, Australia",AUS,Australia
401,YCUA,Ypsilanti Community Utility Authority,Energy & Utilities,"Ypsilanti, MI",,
402,Campbell & Partners Consulting,Campbell & Company Reviews,,,,
403,The People's Federal Credit Union | tpfcu.com,,,,,
404,"Horwitz Law, Horwitz & Associates","Horwitz, Horwitz & Associates",Legal,"Chicago, IL",,
405,BRITISH LINK KUWAIT,The British School of Kuwait Reviews,,,,
406,"Innotec, Corp.",Innotec Reviews,,,,
407,Municipio de Quito,Municipio del Distrito Metropolitano de Quito,,"Quito, Ecuador",ECU,Ecuador
408,Phoenix/Packaging Inc.,Phoenix Packaging (PA),Consumer Product Manufacturing,"Mount Joy, PA",,
409,"Davis Law Group, P.C.",Davis Law Group,Legal,"Seattle, WA",,
410,j-w-anderson.com,J.W.Anderson Reviews,,,,
411,FRISA.com,Frisa Forjados,Machinery Manufacturing,"Santa Catarina, Mexico",MEX,Mexico
412,"Richardson & Pullen, PC",Richardson Reviews,,,,
413,Calvetti Ferguson,Calvetti Ferguson Reviews,,,,
414,Alliant Physical Therapy DATA,Alliant Physical Therapy Group Reviews,,,,
415,DC ADVISORY,DC Advisory,Investment & Asset Management,"Tokyo, United Kingdom",GBR,United Kingdom
416,Trace Midstream,DT Midstream Reviews,,,,
417,North View Escrow Corp,North View Escrow,,"Santa Clarita, CA",,
418,secova.com | Secova Inc,Secova,Business Consulting,"Newport Beach, CA",,
419,"Monteleone & McCrory, LLP",TSMP Law Reviews,,,,
420,eNoah it solutions,,,,,
421,Barakat Travel and Private Jet was Hacked,,,,,
422,wallyedgar.com | Wally Edgar Chevrolet,,,,,
423,tgs.com.ar,,,,,
424,Florida International University (www.fiu.edu),,,,,
425,North Carolina A&T State University (www.ncat.edu),,,,,
426,bet9ja.com | goldbet.it,Bet9ja,,"Lagos, Nigeria",NGA,Nigeria
427,Enoah Isolutions,eNoah iSolution Reviews,,,,
428,www.innotecgroup.com,Innotec,Electronics Manufacturing,"Zeeland, MI",,
429,NECSUM TRISON,TRISON BUSINESS SOLUTIONS Reviews,,Le Roy,,
430,NECSUM,"Nisum Employee Reviews about ""client list""",,,,
431,Favoris Holding AG (favoris-ag.ch),Chocolats Favoris Reviews,,,,
432,WKPZ Law,Weycer Kaplan Pulaski & Zuber,,"Houston, TX",,
433,SSW Consulting,SSW,Information Technology Support Services,"Sydney, Australia",AUS,Australia
434,Dober,Dober,Chemical Manufacturing,"Woodridge, IL",,
435,Rudsak Inc | rudsak.com,Rudsak,"Department, Clothing & Shoe Stores","Montreal, Canada",CAN,Canada
436,DC Solutions FR&Switzerland (dcsolution.ch),DC Solutions Reviews,,,,
437,CASTGROUP.COM.BR,Cast Group,Information Technology Support Services,"São Paulo, Brazil",BRA,Brazil
438,VOYAGER DISTRIBUTING COMPANY PTY. LTD.,Voyager Distributing Company,,"Carlton North, Australia",AUS,Australia
439,Relationships Australia,,,,,
440,tgs.com.ar,TGS,Energy & Utilities,"Buenos Aires, Argentina",ARG,Argentina
441,LW Group,LW Group Reviews,Financial Services,,,
442,inibsa.com | inibsadental.com | inibsa.net 2TB FULL DATA,Inibsa,Biotech & Pharmaceuticals,"Lliçà de Vall, Spain",ESP,Spain
443,Maintainco Inc. | maintainco.com | starlift.com,,,,,
444,"KELLY,REMMEL&ZIMMERMAN first part","Kelly, Remmel & Zimmerman",,"Portland, ME",,
445,Bradsby Group | bradsbygroup.com,Bradsby Group Reviews,,,,
446,unapen.internal,UNAPEN,Computer Hardware Development,"Meriden, CT",,
447,M.T.B.,MTB Architectural Metal & Glass,Construction,"Brooklyn, NY",,
448,Bullfrog International | bullfrogspas.com,Bullfrog Spas,Consumer Product Manufacturing,"Herriman, UT",,
449,Noble Oil | nobleoil.com,,Energy & Utilities,"Sanford, NC",,
450,GEMS Education | gemseducation.com,Gems Education Reviews,,,,
451,JinkoSolar.com (NYSE: JKS),JinkoSolar,Machinery Manufacturing,"Shanghai, China",CHN,China
452,Quantel Medical | quantel-medical.com,Quantel Medical,Healthcare,"Cournon-d'Auvergne, France",FRA,France
453,IKPT,Inti Karya Persada Tehnik,,"Jakarta, Indonesia",IDN,Indonesia
454,Phyllis Browning Company | phyllisbrowning.com,Phyllis Browning,Real Estate,"San Antonio, TX",,
455,threesixtysourcing.com,ThreeSixty Group Reviews,,,,
456,Southwark Metal Manufacturing Co. | southwarkmetal.com,Southwark Metal Manufacturing,Metal & Mineral Manufacturing,"Philadelphia, PA",,
457,HyLife,HyLife,Food & Beverage Manufacturing,"Neepawa, Canada",CAN,Canada
458,NorthEast Coverages | northeastcoverages.com,Northeast Coverages,,"Garden City, NY",,
459,Scherr Legate | scherrlegate.com,Scherr Legate,Legal,"El Paso, TX",,
460,bishopeye.com,The Eye Center Reviews,,,,
461,chemtech.net,Chemtech,Business Consulting,"Rio de Janeiro, Brazil",BRA,Brazil
462,mainland.com.hk,Mainland Headwear,Consumer Product Manufacturing,"Kowloon Bay, Hong Kong",HKG,Hong Kong
463,Royal Laser,Royal Laser,Machinery Manufacturing,"Etobicoke, Canada",CAN,Canada
464,CGT S.p.A. - cgt.it,CGT,Insurance Carriers,"Arezzo, Italy",ITA,Italy
465,SVA Jean Rozé - sva-jeanroze.fr,SVA Jean Rozé,Food & Beverage Manufacturing,"Vitré, France",FRA,France
466,maketherightcall.com hk-callcentre,Make The Right Call,,"Sheung Wan, Hong Kong",HKG,Hong Kong
467,Brookson Group | brooksonone.co.uk,Brookson Reviews,,,,
468,Moncler,Moncler Reviews,,,,
469,ipec.ro,IPEC Holdings,Machinery Manufacturing,"New Castle, PA",,
470,The Grand Bahama Port Authority,Orange Reviews,,,,
471,Detroit Stoker,Detroit Reviews,,,,
472,FrenchGourmet,French Gourmet (NV),Catering & Food Service Contractors,"Sparks, NV",,
473,CED Group,CED Reviews,,,,
474,NanoFocus - nanofocus.com,,,"Oberhausen, Germany",DEU,Germany
475,D.F. Chase | dfchase.com,D.F. Chase,,"Nashville, TN",,
476,Ballester Hermanos | ballesterhermanos.com,Ballester Hermanos,Wholesale,"Catano, PR",,
477,SNOP GROUP,Snop,Machinery Manufacturing,"Roissy-en-France, France",FRA,France
478,Douglas Shaw & Associates | douglasshaw.com,,Advertising & Public Relations,"Naperville, IL",,
479,Uriach - www.uriach.com,Uriach,Biotech & Pharmaceuticals,"Palau-solita i Plegamans, Spain",PLW,Palau
480,Unified Technologies | unified-team.com,Unified Technologies Reviews,,,,
481,Solaris Management Consultants | solaris-mci.com,Solaris Management Consultants Reviews,,,,
482,Hunter Douglas | hunterdouglas.com.au,Hunter Douglas Reviews,,,,
483,Buffers USA | buffersusa.com,Buffers USA,Machinery Manufacturing,"Jacksonville, FL",,
484,van Eupen Logistik - vaneupen.com,van Eupen Logistik,,"Essen, Germany",DEU,Germany
485,Centaris.com,Center for Computer Resources,Information Technology Support Services,"Sterling Heights, MI",,
486,New City Commercial Corporation (NCCC),New City Commercial,"Department, Clothing & Shoe Stores","Davao, Philippines",PHL,Philippines
487,Strataworldwide.com,Strata Products Worldwide,Machinery Manufacturing,"Atlanta, GA",,
